{
  "env": {
    "TERM": "xterm-256color",
    "SHELL": "/bin/bash"
  },
  "title": null,
  "duration": 24.116407,
  "version": 1,
  "command": null,
  "width": 80,
  "height": 23,
  "stdout": [
    [
      0.037783,
      "\u001b]0;ubuntu@ip-10-3-19-131: ~/lets-encrypt-rails/example\u0007ubuntu@ip-10-3-19-131:~/lets-encrypt-rails/example$ "
    ],
    [
      0.816804,
      "c"
    ],
    [
      0.106868,
      "a"
    ],
    [
      0.14614,
      "t"
    ],
    [
      0.076609,
      " "
    ],
    [
      0.120982,
      "d"
    ],
    [
      0.06972,
      "o"
    ],
    [
      0.124309,
      "c"
    ],
    [
      0.112247,
      "j"
    ],
    [
      0.000115,
      "k"
    ],
    [
      0.03382,
      "e"
    ],
    [
      0.144092,
      "r"
    ],
    [
      0.210019,
      "\b\u001b[K"
    ],
    [
      0.187822,
      "\b\u001b[K"
    ],
    [
      0.128635,
      "\b\u001b[K"
    ],
    [
      0.136526,
      "\b\u001b[K"
    ],
    [
      0.281267,
      "k"
    ],
    [
      0.200126,
      "\u0007"
    ],
    [
      0.000111,
      "er-compose."
    ],
    [
      0.876111,
      "y"
    ],
    [
      0.207514,
      "ml "
    ],
    [
      0.309363,
      "\r\n"
    ],
    [
      0.000882,
      "version: \"2.0\""
    ],
    [
      8.3e-05,
      "\r\n"
    ],
    [
      4.2e-05,
      "services:"
    ],
    [
      2.8e-05,
      "\r\n"
    ],
    [
      2.7e-05,
      "  postgres:"
    ],
    [
      3e-05,
      "\r\n"
    ],
    [
      2.6e-05,
      "    image: postgres:9.5"
    ],
    [
      2.5e-05,
      "\r\n"
    ],
    [
      2.4e-05,
      "    environment:"
    ],
    [
      2.5e-05,
      "\r\n"
    ],
    [
      2.3e-05,
      "      POSTGRES_DB: example_development"
    ],
    [
      1.9e-05,
      "\r\n"
    ],
    [
      1.8e-05,
      "      POSTGRES_USER: example"
    ],
    [
      1.8e-05,
      "\r\n"
    ],
    [
      1.9e-05,
      "      POSTGRES_PASSWORD: example"
    ],
    [
      1.8e-05,
      "\r\n"
    ],
    [
      2.1e-05,
      "    volumes:"
    ],
    [
      1.8e-05,
      "\r\n"
    ],
    [
      1.8e-05,
      "      - pg_data:/var/lib/postgresql/data"
    ],
    [
      2.4e-05,
      "\r\n"
    ],
    [
      1.8e-05,
      "    restart: always"
    ],
    [
      1.8e-05,
      "\r\n"
    ],
    [
      1.7e-05,
      "  rails:"
    ],
    [
      1.7e-05,
      "\r\n"
    ],
    [
      1.8e-05,
      "    build: ."
    ],
    [
      2.1e-05,
      "\r\n"
    ],
    [
      3.1e-05,
      "    depends_on:"
    ],
    [
      1.9e-05,
      "\r\n"
    ],
    [
      1.9e-05,
      "      - postgres"
    ],
    [
      1.9e-05,
      "\r\n"
    ],
    [
      1.9e-05,
      "    ports:"
    ],
    [
      1.9e-05,
      "\r\n"
    ],
    [
      1.9e-05,
      "      - \"3000:3000\""
    ],
    [
      3.1e-05,
      "\r\n"
    ],
    [
      2.3e-05,
      "    restart: always"
    ],
    [
      1.9e-05,
      "\r\n"
    ],
    [
      1.9e-05,
      "volumes:"
    ],
    [
      2e-05,
      "\r\n"
    ],
    [
      2e-05,
      "  pg_data: {}"
    ],
    [
      2e-05,
      "\r\n"
    ],
    [
      0.000381,
      "\u001b]0;ubuntu@ip-10-3-19-131: ~/lets-encrypt-rails/example\u0007ubuntu@ip-10-3-19-131:~/lets-encrypt-rails/example$ "
    ],
    [
      2.047871,
      "d"
    ],
    [
      0.092549,
      "o"
    ],
    [
      0.091669,
      "c"
    ],
    [
      0.092272,
      "k"
    ],
    [
      0.053688,
      "e"
    ],
    [
      0.137444,
      "r"
    ],
    [
      0.104442,
      "-"
    ],
    [
      0.109228,
      "c"
    ],
    [
      0.101477,
      "o"
    ],
    [
      0.061498,
      "m"
    ],
    [
      0.174599,
      "p"
    ],
    [
      0.144955,
      "o"
    ],
    [
      0.057972,
      "s"
    ],
    [
      0.159529,
      "e"
    ],
    [
      0.078033,
      " "
    ],
    [
      0.183083,
      "u"
    ],
    [
      0.190323,
      "p"
    ],
    [
      0.220663,
      " "
    ],
    [
      0.134443,
      "-"
    ],
    [
      0.138449,
      "-"
    ],
    [
      0.114408,
      "b"
    ],
    [
      0.145355,
      "u"
    ],
    [
      0.20559,
      "i"
    ],
    [
      0.000755,
      "o"
    ],
    [
      0.380445,
      "\b\u001b[K"
    ],
    [
      0.345571,
      "l"
    ],
    [
      0.102941,
      "d"
    ],
    [
      0.141461,
      " "
    ],
    [
      0.099055,
      "-"
    ],
    [
      0.117017,
      "d \r"
    ],
    [
      0.159975,
      "\u001b[A\r\n"
    ],
    [
      0.291672,
      "Building rails"
    ],
    [
      0.000101,
      "\r\n"
    ],
    [
      0.048164,
      "Step 1 : FROM ruby:2.3.1\r\n"
    ],
    [
      0.000702,
      " ---> 7b66156f376c\r\n"
    ],
    [
      0.000229,
      "Step 2 : WORKDIR /app/src\r\n"
    ],
    [
      0.000903,
      " ---> Using cache\r\n"
    ],
    [
      0.000208,
      " ---> e55b6d746dc4\r\n"
    ],
    [
      0.000209,
      "Step 3 : EXPOSE 3000\r\n"
    ],
    [
      0.000627,
      " ---> Using cache\r\n"
    ],
    [
      0.000201,
      " ---> 2f4113067dd9\r\n"
    ],
    [
      0.000222,
      "Step 4 : COPY Gemfile Gemfile.lock /app/src/\r\n"
    ],
    [
      0.000655,
      " ---> Using cache\r\n"
    ],
    [
      0.000258,
      " ---> b29ac64067bd\r\n"
    ],
    [
      0.000176,
      "Step 5 : RUN bundle install --frozen --no-cache\r\n"
    ],
    [
      0.000612,
      " ---> Using cache\r\n"
    ],
    [
      0.00017,
      " ---> 0bc3cc32aa31\r\n"
    ],
    [
      0.000367,
      "Step 6 : COPY . /app/src\r\n"
    ],
    [
      0.003321,
      " ---> Using cache\r\n"
    ],
    [
      0.000229,
      " ---> 5228e13bb885\r\n"
    ],
    [
      0.000202,
      "Step 7 : CMD bundle exec rails s -b 0.0.0.0\r\n"
    ],
    [
      0.000705,
      " ---> Using cache\r\n"
    ],
    [
      0.000218,
      " ---> 75790fefdeb1\r\n"
    ],
    [
      0.004784,
      "Successfully built 75790fefdeb1\r\n"
    ],
    [
      0.014064,
      "example_postgres_1 is up-to-date"
    ],
    [
      8.6e-05,
      "\r\n"
    ],
    [
      0.001185,
      "example_rails_1 is up-to-date"
    ],
    [
      5.1e-05,
      "\r\n"
    ],
    [
      0.017042,
      "\u001b]0;ubuntu@ip-10-3-19-131: ~/lets-encrypt-rails/example\u0007ubuntu@ip-10-3-19-131:~/lets-encrypt-rails/example$ "
    ],
    [
      2.08571,
      "e"
    ],
    [
      0.102244,
      "l"
    ],
    [
      0.158237,
      "i"
    ],
    [
      0.059411,
      "n"
    ],
    [
      0.142065,
      "k"
    ],
    [
      0.083577,
      "s"
    ],
    [
      0.106802,
      " "
    ],
    [
      0.252633,
      "h"
    ],
    [
      0.110188,
      "t"
    ],
    [
      0.109884,
      "t"
    ],
    [
      0.098998,
      "p"
    ],
    [
      0.353338,
      ":"
    ],
    [
      0.211937,
      "/"
    ],
    [
      0.129997,
      "/"
    ],
    [
      0.106204,
      "a"
    ],
    [
      0.111772,
      "c"
    ],
    [
      0.092977,
      "e"
    ],
    [
      0.374399,
      "."
    ],
    [
      0.157655,
      "y"
    ],
    [
      0.134961,
      "o"
    ],
    [
      0.089154,
      "n"
    ],
    [
      0.092067,
      "g"
    ],
    [
      0.189463,
      "w"
    ],
    [
      0.163198,
      "e"
    ],
    [
      0.069104,
      "n"
    ],
    [
      0.255023,
      "."
    ],
    [
      0.18714,
      "x"
    ],
    [
      0.198395,
      "y \r"
    ],
    [
      0.137928,
      "z"
    ],
    [
      0.367055,
      ":"
    ],
    [
      0.240526,
      "3"
    ],
    [
      0.18364,
      "0"
    ],
    [
      0.193923,
      "0"
    ],
    [
      0.152188,
      "0"
    ],
    [
      0.282839,
      "\r\n"
    ],
    [
      0.344775,
      "\u001b)0\u001b7"
    ],
    [
      9.7e-05,
      "\u001b[?9h"
    ],
    [
      5e-05,
      "\u001b[?1000h"
    ],
    [
      5.1e-05,
      "\u001b[?1001s"
    ],
    [
      4e-05,
      "\u001b[?1000h"
    ],
    [
      5.8e-05,
